WS2M,RH2M,T2M,ALLSKY_SFC_SW_DWN,T2M_MAX,PRECTOTCORR,T2M_MIN
1.06,91.94,-0.02,2.72,4.05,0.31,-2.06
0.77,95.0,0.03,3.87,4.28,0.16,-3.32
1.74,95.06,0.45,2.38,3.69,0.35,-0.93
2.59,95.56,0.05,1.58,2.95,0.43,-1.13
2.45,94.69,-0.04,0.78,3.36,0.16,-1.77
1.88,95.69,-0.17,1.47,3.66,0.15,-2.19
1.45,95.12,0.32,2.14,3.96,0.57,-1.95
1.21,91.12,-0.42,3.64,4.15,0.03,-3.32
2.7,94.62,-0.74,5.52,3.25,0.08,-3.17
1.92,93.94,-0.6,5.87,3.69,0.07,-2.02
2.95,97.12,1.0,3.85,3.9,0.33,-1.97
4.48,97.38,4.32,2.0,9.15,7.46,-0.39
3.27,96.0,4.87,2.24,8.62,3.79,0.12
5.23,94.0,7.68,1.85,9.56,6.53,1.76
3.16,88.94,-1.05,4.94,3.24,0.11,-4.35
3.03,92.5,-0.6,1.46,2.34,7.67,-3.4
2.7,95.56,2.57,4.54,5.56,1.13,0.34
2.77,93.06,2.44,4.57,6.27,0.08,0.15
5.32,92.12,3.35,4.4,5.16,3.11,2.08
6.3,83.94,6.64,4.81,9.53,0.83,3.29
6.94,90.5,7.37,2.84,9.9,10.03,3.22
2.18,88.12,4.9,4.31,7.85,4.52,3.25
3.35,96.12,1.56,3.09,2.76,4.97,-2.02
3.57,96.25,-0.28,2.84,2.01,1.85,-3.38
3.27,89.38,0.72,4.17,4.97,0.12,-2.28
2.92,91.94,-0.24,4.5,2.51,0.47,-2.47
3.33,96.0,3.98,1.59,7.06,6.51,0.69
5.26,92.94,10.26,3.87,13.62,8.54,5.62
6.59,87.75,8.95,4.19,10.81,3.11,5.9
2.55,94.06,7.9,4.03,11.94,13.13,5.78
1.91,96.31,6.68,3.18,8.94,7.47,4.62
2.56,93.88,6.88,3.37,9.73,1.44,4.01
5.06,90.56,10.3,5.32,14.27,3.6,4.73
5.74,89.38,9.26,4.88,13.08,8.78,4.9
2.28,94.25,6.87,5.24,10.2,1.61,4.3
1.83,91.12,7.76,4.77,11.62,0.83,5.74
2.77,94.62,6.03,1.93,8.31,12.65,4.05
2.83,86.5,0.5,2.85,3.62,1.35,-3.6
2.0,86.06,-2.91,2.05,0.64,0.07,-4.96
3.01,79.0,-2.93,2.97,-0.58,0.36,-4.83
4.72,74.06,-3.34,6.93,-0.7,0.26,-5.08
4.28,79.62,-3.62,8.88,0.13,0.0,-5.68
4.85,77.44,-4.38,5.89,-0.29,0.0,-6.77
4.03,75.0,-4.85,9.93,0.16,0.0,-8.99
4.25,78.5,-2.59,9.29,1.85,0.01,-7.31
4.14,93.38,2.9,4.89,5.76,2.18,0.13
4.3,95.5,4.3,7.88,8.38,0.86,0.56
3.97,91.25,6.8,7.01,12.17,0.14,3.61
4.5,91.75,6.57,4.55,12.82,6.36,2.45
3.37,96.31,6.84,8.09,10.3,0.64,3.18
4.98,82.38,10.8,9.77,18.2,0.0,5.29
3.47,82.75,10.24,11.33,16.51,0.0,5.12
2.84,90.81,10.08,5.24,13.24,1.19,6.33
3.91,88.44,11.98,9.24,16.87,0.04,8.35
3.3,86.19,11.62,11.43,18.08,0.07,7.74
2.59,87.31,10.62,10.26,16.11,0.33,6.94
3.27,79.81,7.34,7.49,12.02,1.15,1.33
3.7,82.81,4.34,13.5,10.5,0.01,0.36
4.04,82.0,4.55,13.81,10.63,0.05,1.01
2.44,84.56,4.69,13.46,12.26,0.0,-0.03
1.7,82.75,7.82,12.19,16.07,0.04,1.32
1.52,84.88,10.05,10.46,16.49,0.61,4.11
2.75,91.19,7.21,7.61,11.26,1.21,3.08
4.01,74.56,3.3,6.58,7.58,0.05,-1.51
3.44,73.0,1.38,15.24,8.46,0.0,-3.7
2.14,76.75,1.19,14.58,9.17,0.0,-4.85
2.28,79.19,1.4,14.84,7.73,0.01,-3.33
1.7,79.75,4.29,12.1,11.01,0.03,-1.79
4.38,80.12,4.86,10.74,9.22,0.71,-0.64
7.72,78.31,9.75,10.38,13.76,3.06,5.24
5.81,85.44,6.94,11.82,10.83,3.65,3.3
7.67,78.56,7.69,9.62,10.78,6.05,3.54
5.33,79.81,6.58,10.12,10.56,2.31,2.74
4.48,83.56,7.62,9.13,11.38,2.85,2.65
3.31,92.75,6.55,6.8,9.65,3.88,1.95
5.34,85.38,5.98,7.32,8.39,1.19,2.94
3.05,88.06,4.9,7.69,7.76,1.64,2.65
4.88,74.88,4.46,12.04,8.87,0.18,0.34
3.08,78.56,3.9,15.26,9.86,0.02,-0.23
3.06,82.5,5.93,7.67,12.13,0.21,0.22
2.16,77.19,5.22,8.58,10.48,0.01,0.36
1.07,75.81,6.55,18.37,13.45,0.0,0.36
2.06,76.62,8.43,18.86,17.04,0.0,0.77
1.63,80.56,8.68,9.91,14.19,0.95,4.02
4.04,82.0,8.14,12.14,13.64,2.04,1.91
3.83,79.5,6.83,14.8,12.23,0.45,2.31
2.88,76.56,8.87,18.58,15.86,0.0,2.12
1.91,70.19,11.5,19.98,20.53,0.0,2.82
1.68,69.56,13.82,19.43,22.32,0.0,5.11
1.35,56.38,16.9,18.75,23.69,0.0,9.66
2.6,65.56,15.8,17.65,22.79,0.0,8.4
4.99,69.06,7.9,19.79,13.76,0.0,3.15
4.54,71.25,6.61,15.29,12.0,0.01,2.69
2.52,76.81,6.15,21.01,12.94,0.01,1.08
3.63,78.25,3.84,7.63,9.34,0.61,-2.44
3.05,67.19,1.86,15.81,5.95,0.18,-3.35
2.91,68.88,3.32,21.72,9.9,0.01,-3.6
1.07,67.38,6.08,18.4,12.34,0.0,0.03
2.16,75.56,9.41,15.88,16.45,5.14,2.73
1.68,94.12,8.66,9.44,12.33,16.79,5.81
4.01,78.31,4.97,7.03,9.16,3.66,0.19
1.95,77.38,4.69,18.44,10.24,0.47,-1.22
2.42,68.0,4.52,22.48,10.73,0.01,-1.45
2.56,66.94,4.51,17.56,10.69,0.0,-2.42
3.21,72.38,4.35,16.85,9.23,0.02,-0.34
3.37,71.62,5.05,12.35,10.74,0.01,-1.23
3.68,71.69,6.96,18.63,13.92,0.01,0.98
2.33,74.94,7.22,15.27,13.73,0.0,0.89
1.48,75.44,8.93,21.43,16.13,0.0,1.77
1.13,72.81,10.79,18.98,16.88,0.05,4.9
2.7,73.12,11.15,17.63,16.97,0.35,5.05
3.71,67.5,9.31,23.8,16.49,0.0,3.19
3.28,67.94,9.83,25.19,17.55,0.0,1.92
3.52,67.69,10.71,25.79,18.55,0.0,2.79
4.86,64.25,9.58,25.49,16.26,0.0,3.4
4.16,65.25,9.56,24.61,17.17,0.0,2.29
1.74,64.56,10.26,25.58,17.99,0.0,1.47
2.02,67.44,11.49,15.2,18.24,1.66,5.57
2.14,76.38,8.64,15.74,13.7,0.67,3.83
1.45,69.75,8.75,17.34,13.63,0.09,3.63
2.06,74.81,7.74,12.13,12.13,1.59,3.55
1.55,72.56,7.23,17.26,11.09,0.29,1.53
3.36,61.44,10.39,21.24,16.62,0.0,1.9
6.01,66.44,10.79,8.85,16.16,2.03,5.39
3.8,69.06,7.95,19.02,12.51,0.65,3.75
1.97,86.94,6.77,8.78,10.35,7.59,2.36
1.87,68.12,9.35,24.19,15.52,0.01,1.51
3.47,77.25,13.7,16.49,20.81,0.44,6.39
4.77,80.69,18.53,17.67,25.44,6.55,13.71
4.02,75.88,14.37,17.77,18.69,2.53,9.33
2.09,75.5,12.24,13.4,16.98,0.96,8.06
2.44,75.5,11.53,17.7,16.26,0.2,5.65
2.92,78.5,11.5,16.95,15.83,4.69,7.19
2.4,83.88,10.58,14.23,15.13,3.42,6.8
4.12,81.31,11.73,14.55,16.44,5.73,7.82
4.12,81.06,12.12,16.7,16.74,6.11,8.06
4.66,81.62,11.72,17.83,15.86,3.18,8.32
2.8,78.25,11.44,16.63,15.59,1.61,7.85
3.23,81.25,10.64,16.47,14.56,7.73,6.32
3.57,73.25,12.0,18.84,17.4,0.09,5.48
5.72,68.19,12.89,20.14,17.01,0.97,8.93
5.12,75.06,11.56,18.72,15.97,2.08,8.01
4.04,72.19,12.05,20.88,16.86,0.2,6.19
5.2,78.62,11.17,14.39,15.68,9.36,8.22
4.82,79.12,11.12,20.05,15.31,6.54,7.15
3.7,77.56,11.78,13.45,15.58,5.46,7.26
1.32,75.5,13.04,24.69,19.45,0.02,4.59
2.2,74.25,14.53,28.0,20.66,0.03,8.5
2.45,71.5,15.45,25.93,21.44,0.0,9.37
2.88,69.44,15.88,28.29,21.86,0.0,9.24
2.89,67.69,16.13,26.85,22.33,0.0,9.0
2.84,70.88,18.16,29.87,25.58,0.05,8.95
2.2,84.12,19.56,20.89,24.07,4.37,13.62
0.84,79.06,20.02,21.37,25.32,2.73,14.34
1.74,90.5,17.77,16.95,20.81,11.3,14.43
2.91,82.81,15.73,12.75,19.83,0.98,12.26
2.02,75.44,16.52,22.14,21.78,0.04,10.98
1.87,75.69,17.36,24.8,23.05,0.04,9.98
1.62,73.88,18.59,25.75,24.33,0.02,10.76
1.12,72.06,19.99,26.1,25.37,0.04,11.98
1.38,73.62,19.99,24.69,25.67,0.16,13.2
1.84,76.69,19.91,28.61,25.8,0.02,12.88
2.36,76.81,18.75,22.86,24.25,0.03,13.32
2.36,67.31,18.45,30.04,24.57,0.03,11.55
1.11,62.62,21.01,31.03,28.58,0.01,11.91
1.35,69.94,21.76,27.9,27.83,0.0,13.93
1.63,68.75,24.41,28.47,30.37,0.3,16.17
2.09,81.5,22.8,19.32,26.8,14.56,19.55
3.82,80.81,21.62,23.43,25.94,5.74,16.81
1.36,85.38,20.44,18.43,25.37,24.25,14.26
1.99,79.88,20.15,19.38,24.4,1.8,16.35
1.95,77.0,19.39,21.33,23.61,6.7,15.93
3.58,85.19,15.05,14.02,18.19,9.01,11.55
3.36,82.75,13.95,11.1,16.8,0.28,11.58
2.39,76.44,14.9,12.97,19.73,0.11,9.94
1.7,78.25,16.66,17.42,21.76,3.41,9.2
1.52,83.75,17.98,15.81,21.53,9.0,14.59
1.48,86.31,18.35,11.8,21.38,5.62,15.04
1.67,79.75,19.0,18.5,23.8,9.15,14.19
1.73,81.75,15.44,13.97,19.85,4.46,10.94
2.45,84.88,15.22,9.7,17.83,7.49,12.94
1.77,78.62,16.83,19.75,21.07,0.09,10.73
1.36,75.0,19.98,21.69,24.69,0.17,13.04
1.92,81.5,19.8,14.02,24.03,0.97,16.04
2.59,84.0,18.13,18.01,21.86,9.59,15.21
2.65,82.25,18.71,15.72,23.37,2.33,14.16
4.58,73.94,18.0,20.44,21.76,5.84,14.01
2.39,76.12,17.12,19.44,21.71,0.73,11.98
1.75,76.5,17.39,21.88,22.21,0.62,11.17
1.12,76.19,18.08,14.21,22.33,0.36,11.55
1.53,82.44,17.17,12.11,19.8,3.8,13.98
0.93,78.38,18.28,18.79,22.95,0.91,12.8
1.7,83.88,18.4,12.63,22.4,9.48,15.06
3.38,89.62,17.11,5.35,20.94,27.09,14.44
4.18,86.38,16.53,9.11,19.27,4.3,13.08
4.32,78.94,18.41,14.58,23.55,0.24,14.4
3.41,77.44,17.48,9.68,22.05,0.06,13.33
3.0,79.69,18.77,13.38,24.6,0.03,12.09
3.55,76.75,21.0,28.8,27.17,0.05,14.07
2.69,75.56,21.64,27.54,27.88,0.01,14.56
2.01,74.31,21.44,27.29,27.13,0.0,15.45
1.91,70.81,21.14,26.39,27.44,0.01,14.3
2.27,70.06,21.1,27.17,27.02,0.0,14.26
3.36,74.62,21.53,21.9,27.33,0.95,14.12
2.58,77.25,20.64,18.65,25.17,3.42,17.25
2.62,82.38,19.0,16.1,22.98,8.16,15.78
2.34,83.94,18.8,14.67,22.58,4.29,15.08
2.84,85.69,17.84,10.15,20.16,5.89,16.0
3.57,74.38,18.25,16.91,22.7,0.53,14.15
2.66,72.06,17.77,21.83,22.98,0.06,12.22
3.83,71.5,17.83,19.4,23.35,0.17,13.48
2.62,76.19,17.4,17.11,22.58,0.61,12.21
2.01,75.62,17.25,19.06,22.48,0.68,11.18
1.36,79.56,17.76,16.93,22.06,4.43,12.01
1.69,76.75,17.04,12.9,21.07,6.32,13.83
1.05,76.06,17.13,14.78,21.41,0.89,12.19
2.73,76.5,18.58,16.78,23.3,1.06,14.96
4.09,76.81,18.09,13.39,22.55,1.51,13.96
4.39,78.06,17.07,17.25,22.06,5.06,12.5
3.76,72.88,16.72,19.14,21.04,0.45,11.85
2.97,78.75,16.98,15.99,21.8,2.04,12.58
2.13,79.94,19.15,17.69,24.83,1.0,14.18
0.92,75.75,19.4,22.75,24.18,0.04,14.01
1.36,75.12,21.63,21.3,28.93,0.0,14.6
1.87,73.56,20.58,22.52,27.05,0.0,14.69
1.16,67.56,20.83,24.41,28.19,0.0,13.04
2.05,68.75,21.53,21.38,28.82,0.04,15.01
3.35,73.69,17.57,12.97,21.8,0.52,13.51
2.8,78.94,16.19,11.49,20.27,0.36,11.0
2.34,81.12,17.87,8.6,22.9,0.68,14.13
2.0,80.81,17.51,10.65,21.51,0.34,13.69
1.34,74.62,18.87,17.14,24.23,0.1,13.44
2.43,77.69,19.56,15.26,26.4,0.33,13.83
3.41,77.25,18.33,15.22,22.89,0.37,14.8
3.45,81.75,18.04,10.0,22.54,0.86,13.23
3.9,72.06,17.83,20.45,23.58,0.12,13.07
3.31,71.12,17.4,22.13,24.06,0.04,10.97
3.34,75.88,16.55,12.86,21.77,0.18,10.89
3.08,73.44,16.57,16.68,21.62,0.07,11.6
3.26,79.88,16.53,14.95,21.98,0.49,10.69
3.22,78.19,16.19,11.71,21.2,0.3,11.2
3.53,78.94,17.94,11.79,22.98,0.24,13.79
3.21,77.0,17.36,15.25,22.86,0.11,12.13
3.54,76.75,16.81,19.93,23.17,0.07,11.49
3.27,73.06,16.94,21.67,24.51,0.05,10.2
1.62,73.81,19.08,19.4,27.14,0.19,10.33
0.95,77.44,21.07,13.91,26.32,3.28,16.92
1.12,72.56,21.39,17.32,27.62,1.04,15.69
1.66,64.75,21.38,19.45,28.62,0.0,15.23
2.77,59.88,21.47,20.04,28.8,0.0,14.39
2.2,70.25,22.36,18.78,29.63,3.66,15.19
2.37,79.25,21.69,10.35,26.44,6.6,17.87
2.28,82.94,19.58,12.04,24.44,5.14,14.62
1.98,78.75,16.91,14.92,22.88,0.03,12.09
1.0,77.44,16.14,15.88,21.69,0.01,11.92
1.84,72.69,18.35,16.96,25.69,0.02,10.76
1.97,90.19,19.35,10.73,22.73,7.39,16.34
1.81,87.94,19.08,6.77,23.78,7.78,14.1
1.29,76.81,17.07,13.59,22.58,0.08,11.11
1.38,73.81,16.98,17.44,22.8,0.02,11.13
1.7,71.75,17.78,15.4,23.98,0.5,12.07
1.72,79.12,16.99,10.7,22.59,2.67,11.99
1.81,87.06,16.21,7.92,20.51,11.18,13.45
2.54,76.31,13.1,12.13,18.8,0.04,8.32
1.47,72.62,13.46,16.91,20.3,0.02,6.94
1.37,79.12,14.77,17.2,22.05,0.05,9.51
1.33,79.94,15.44,14.34,22.05,0.11,9.29
1.28,81.94,16.42,13.46,23.42,2.11,9.46
2.71,85.75,17.06,8.55,22.58,3.21,13.68
3.38,82.19,15.12,7.68,19.83,4.2,11.19
2.41,74.75,13.73,12.56,18.56,0.1,10.24
3.69,75.62,12.67,13.34,16.99,4.55,7.62
2.49,73.81,11.11,15.43,17.69,0.0,5.79
3.83,80.25,11.82,9.46,17.54,4.39,6.48
5.49,87.12,14.7,8.11,18.01,6.76,11.01
5.06,81.0,14.41,5.37,18.1,14.18,9.41
3.7,78.0,12.84,13.74,18.63,0.15,7.13
5.32,82.88,12.61,8.21,17.24,9.41,9.74
3.8,82.0,11.73,13.32,17.42,0.15,7.4
1.18,83.06,11.6,11.3,18.42,0.08,6.65
2.28,83.81,11.69,13.73,18.85,0.1,6.13
2.09,83.62,11.16,13.58,18.09,0.11,6.65
1.45,85.62,10.31,13.45,17.76,0.11,5.02
2.1,86.12,11.01,8.66,15.69,0.17,6.64
2.46,86.06,10.71,8.79,16.5,0.26,5.94
1.16,74.56,9.51,11.29,14.98,0.02,3.88
1.25,72.69,9.99,12.99,16.36,0.02,3.81
1.04,84.5,10.66,10.43,17.13,0.13,5.61
1.27,82.62,10.96,11.81,17.23,0.09,7.4
1.87,77.44,9.32,9.99,15.42,0.01,4.76
2.88,89.12,12.06,7.66,17.88,3.39,5.56
4.1,77.94,16.62,11.43,22.34,1.08,12.93
6.58,80.06,16.24,4.35,19.29,1.43,13.58
5.41,80.19,9.89,7.17,14.73,5.4,3.8
2.23,84.0,7.51,9.86,14.29,0.11,1.84
1.23,84.69,8.65,9.28,15.12,0.26,4.62
2.43,82.12,7.06,11.27,14.46,0.04,2.36
2.62,86.38,9.27,4.24,15.85,1.35,4.54
2.56,90.0,10.9,6.21,16.17,0.19,7.14
2.36,88.69,10.98,9.82,16.69,0.14,7.12
3.94,82.75,11.19,10.39,17.9,0.17,6.02
4.28,91.25,11.2,3.82,14.45,7.12,8.74
3.64,92.88,12.76,3.52,16.3,6.94,9.71
4.48,91.19,11.41,5.63,18.8,6.26,7.17
4.19,89.38,8.86,7.98,13.41,1.77,6.81
2.38,89.31,8.29,6.38,12.12,2.64,5.8
2.24,90.31,6.84,6.17,11.34,3.13,4.52
3.02,92.44,7.33,4.06,10.41,2.7,4.51
2.39,85.12,6.49,5.23,11.81,0.08,2.83
2.09,86.94,5.0,8.41,10.15,0.03,0.76
2.86,87.88,8.56,3.71,13.15,0.74,5.47
0.81,84.0,7.52,7.33,11.94,0.03,4.05
1.2,87.0,5.03,7.32,11.76,0.02,1.16
0.77,86.44,4.23,6.2,10.72,0.06,-0.02
0.98,91.12,4.38,5.84,10.66,0.04,1.09
2.82,92.19,6.44,6.46,12.72,0.2,0.93
2.99,93.25,10.08,3.43,13.62,1.41,8.21
2.56,92.69,8.88,3.38,13.15,0.58,5.57
2.35,92.31,6.76,1.78,8.94,0.19,5.18
0.71,92.56,5.68,2.16,7.55,0.25,3.84
1.46,95.56,8.05,3.26,12.79,0.54,4.58
1.33,92.75,6.16,4.01,11.69,0.08,3.96
1.23,92.56,7.27,4.61,11.11,0.24,4.03
1.37,92.31,5.92,3.46,8.73,0.17,3.8
2.16,95.25,5.99,2.38,8.96,2.05,4.53
4.67,89.88,3.48,4.78,7.8,0.09,-0.71
3.36,89.25,2.01,6.86,8.26,0.02,-2.4
2.31,91.31,2.13,6.03,6.07,0.12,-0.03
2.19,95.5,3.19,4.55,7.13,0.45,0.41
4.03,94.25,4.26,3.45,5.93,6.68,1.92
3.56,95.19,2.83,2.07,4.83,4.46,1.24
4.91,94.0,2.33,2.26,4.21,5.44,-0.7
2.62,93.56,1.68,3.91,5.54,0.29,-0.46
5.59,93.94,4.57,1.66,7.67,0.84,0.45
5.13,91.0,7.79,3.34,10.53,3.82,4.91
3.83,87.56,3.12,4.33,5.61,0.7,-0.88
4.2,94.31,2.1,2.23,9.33,7.47,-1.41
4.84,90.88,7.73,2.37,10.79,7.14,3.76
3.45,95.69,4.02,2.6,5.87,4.49,2.66
3.23,95.19,4.36,3.42,6.16,2.66,3.16
4.77,94.19,4.05,2.1,6.42,2.37,1.2
3.68,94.31,3.94,4.66,6.11,0.14,2.65
4.48,92.56,3.04,4.76,6.25,4.24,1.41
5.5,88.94,4.17,3.39,6.62,12.81,1.51
2.7,94.75,3.51,4.38,7.77,0.56,1.26
2.92,97.44,6.57,3.04,9.62,1.7,3.66
2.31,96.44,6.5,2.8,8.58,0.19,5.23
1.18,93.81,4.69,1.88,6.44,0.12,3.27
0.94,92.06,5.51,2.47,9.39,0.03,3.04
1.51,91.19,7.15,2.2,11.08,0.06,4.98
3.09,93.81,5.26,3.11,8.6,0.1,2.79
3.3,91.19,4.55,5.39,8.44,0.1,2.45
2.73,93.69,4.64,1.91,5.39,0.25,4.07
1.94,93.06,3.1,2.26,5.85,0.15,-1.35
1.88,93.81,-2.14,5.33,2.7,0.02,-4.42
2.7,93.12,-2.38,1.96,0.91,0.04,-4.2
3.55,97.94,2.25,4.19,5.42,0.98,-1.81
2.29,98.62,6.83,2.09,8.7,3.84,5.62
1.36,98.62,6.54,2.14,8.62,2.75,5.16
1.91,98.44,6.51,1.83,9.72,3.41,5.18
4.14,96.31,8.56,2.14,10.94,5.85,6.92
6.2,86.38,10.18,2.33,12.12,5.31,8.24
4.06,96.25,11.04,1.46,13.77,5.59,7.62
3.8,95.44,11.3,2.73,14.64,0.2,8.51
2.84,96.31,8.37,5.3,13.02,0.23,6.27
3.08,95.19,7.92,4.77,11.89,0.1,6.24
5.03,92.0,9.36,3.08,13.23,0.15,6.21
4.42,94.75,9.74,2.15,11.21,8.39,8.86
3.51,93.5,7.41,1.62,10.08,17.51,2.28
2.72,89.56,1.51,5.5,6.33,0.01,-1.4
2.2,88.38,1.19,4.51,5.8,0.32,-1.99
4.73,93.12,3.41,3.57,6.87,7.45,0.61
5.33,94.81,5.09,1.38,8.11,14.41,1.33
3.23,92.62,4.57,2.53,6.69,2.07,2.25
1.88,96.31,2.06,2.67,4.0,0.14,-0.17
1.82,90.88,0.16,2.75,4.73,0.01,-2.97
1.15,91.19,0.58,4.74,3.91,0.08,-2.38
1.55,94.0,0.62,3.63,5.5,0.05,-1.63
1.3,87.31,0.9,5.84,6.05,0.03,-1.95
1.22,91.38,-0.02,5.51,5.76,0.04,-2.74
2.73,95.81,0.44,2.25,3.55,0.54,-2.95
1.02,97.06,2.33,3.43,5.07,0.26,0.1
1.92,93.31,3.06,6.6,8.26,0.06,-0.0
2.23,94.38,3.66,1.43,6.81,2.16,0.53
2.75,93.19,2.29,4.82,6.5,0.17,-0.38
2.35,92.5,1.71,4.38,6.3,0.11,-1.34
1.28,92.62,2.7,2.75,6.75,0.1,-0.63
1.66,92.75,1.53,2.89,4.34,0.13,-1.95
1.88,93.19,-0.24,6.52,5.51,0.06,-2.28
0.77,93.69,-0.02,2.92,3.78,0.16,-2.69
1.07,92.25,0.14,2.18,4.4,0.2,-2.06
3.19,94.94,2.49,2.98,5.13,0.7,-0.75
1.95,96.06,3.24,2.95,6.2,0.28,0.84
4.45,95.69,7.72,4.02,9.57,0.7,4.61
1.71,85.5,5.01,7.46,9.12,0.08,2.13
5.33,78.5,4.85,5.23,8.51,0.53,-0.77
4.34,96.31,5.53,2.88,9.17,1.23,-0.63
3.06,92.31,8.31,3.69,10.8,0.12,6.26
3.18,93.0,5.81,4.22,6.99,0.22,4.7
4.27,91.38,5.24,2.98,10.54,0.97,0.34
3.81,89.56,3.9,9.12,9.4,0.11,0.12
7.36,92.19,7.58,2.42,10.73,10.31,3.62
2.84,79.94,4.94,9.43,9.86,0.01,0.75
2.97,93.38,7.29,4.93,10.93,0.13,3.85
1.99,87.12,5.52,9.91,11.93,0.07,1.39
3.38,93.19,4.73,5.1,8.17,3.37,2.75
1.73,85.44,2.49,9.5,8.53,0.0,-1.63
2.66,79.62,0.92,10.62,8.18,0.02,-3.17
5.58,87.75,4.77,8.86,12.73,0.08,-3.23
4.59,85.69,8.24,6.57,11.53,3.53,4.92
5.0,89.81,6.37,8.17,9.93,2.15,2.8
7.17,91.0,11.54,4.49,13.62,3.96,8.23
5.81,75.5,9.96,8.35,13.35,0.35,6.2
7.62,81.19,8.9,4.12,11.8,2.23,4.54
5.99,78.0,5.88,11.39,10.1,0.45,1.82
7.51,83.75,9.82,4.62,12.92,2.44,7.12
7.34,73.25,7.7,6.93,10.81,0.47,5.03
4.34,89.94,7.86,4.46,13.04,0.71,4.23
2.13,87.94,7.05,7.17,11.95,0.56,3.4
4.42,82.69,6.65,7.3,11.62,1.44,0.72
3.18,84.06,3.9,11.56,10.15,0.08,0.4
3.02,79.19,3.3,13.97,9.47,0.02,-0.63
3.48,76.19,1.97,12.97,9.98,0.0,-3.74
2.01,75.69,2.47,14.44,10.98,0.02,-4.08
1.43,80.12,4.48,8.86,8.62,0.55,0.31
1.81,78.88,6.15,8.7,12.23,0.05,2.8
1.3,91.19,8.33,5.81,12.65,0.12,4.12
0.72,82.62,8.33,9.44,12.97,0.27,4.79
0.96,72.75,6.18,12.27,12.39,0.09,0.67
2.83,74.62,2.43,14.37,8.52,0.02,-2.43
4.12,75.0,0.84,14.7,6.5,0.01,-3.49
3.25,76.5,3.09,15.32,12.24,0.0,-4.07
2.84,81.88,6.8,15.01,14.51,0.03,0.58
2.88,80.5,8.58,15.0,16.4,0.0,2.74
4.53,89.69,8.48,6.48,12.7,4.93,4.96
4.62,89.94,7.56,6.41,10.64,1.72,5.98
4.72,85.12,7.86,5.48,11.6,3.09,4.87
2.59,78.94,7.83,16.28,14.25,0.1,3.24
1.91,88.56,9.16,6.65,13.48,6.83,6.41
2.4,88.5,11.19,5.85,16.97,0.12,7.06
3.81,74.88,7.93,7.16,12.22,0.12,2.4
4.81,68.5,6.95,14.88,14.55,0.02,-0.07
4.73,70.88,7.7,16.47,15.09,0.0,2.09
1.84,73.88,6.38,11.58,12.94,0.0,-0.68
2.13,80.0,10.56,16.55,17.64,0.05,5.05
2.35,70.94,9.69,17.48,17.22,0.0,3.61
1.63,67.88,9.34,17.63,17.48,0.0,1.3
2.16,68.62,10.52,17.15,19.26,0.0,2.97
2.98,67.25,9.83,17.7,18.22,0.0,2.4
3.45,71.94,10.19,17.37,18.15,0.0,3.98
2.58,73.5,10.94,18.21,19.49,0.0,4.58
1.0,66.94,12.55,16.35,20.34,0.49,6.24
1.79,92.38,11.57,8.58,14.37,6.17,9.73
1.84,87.19,10.27,8.03,13.51,3.7,7.19
4.18,83.94,4.86,8.28,6.48,2.25,1.48
5.66,82.69,1.9,5.36,3.76,2.52,-0.21
4.55,71.19,2.57,11.22,7.5,0.02,-2.27
2.84,70.81,3.12,17.36,9.01,0.01,-2.67
4.25,74.19,4.96,17.11,10.61,0.72,-2.0
3.87,89.44,9.83,5.2,14.01,1.2,6.5
5.09,84.25,9.34,7.97,12.05,0.82,5.82
7.17,76.25,10.8,11.13,14.75,3.43,5.68
2.8,94.69,5.37,6.29,8.87,27.27,2.4
1.85,80.75,5.37,13.3,10.01,2.05,1.19
1.85,68.25,7.15,21.08,13.9,0.01,-0.3
3.49,73.12,10.71,20.06,17.89,0.0,2.65
3.1,77.81,13.86,17.31,20.41,1.31,8.23
0.71,86.69,13.12,9.01,15.71,5.6,10.34
0.84,76.94,14.76,20.06,20.43,0.01,10.2
1.74,76.0,14.39,20.82,20.28,0.0,9.5
3.23,73.88,12.55,23.92,18.77,0.01,6.82
2.82,65.06,11.08,25.03,19.73,0.0,3.08
1.49,71.69,10.69,21.0,17.29,0.0,3.54
2.17,76.5,11.63,19.81,17.37,0.02,6.9
2.84,72.94,11.54,21.11,17.74,0.03,7.27
2.89,71.19,11.67,23.99,18.82,0.0,3.94
2.93,75.0,12.56,23.11,18.36,0.01,6.98
3.2,83.19,12.02,14.15,17.38,0.46,7.59
2.55,76.0,13.26,13.83,18.39,0.22,8.69
2.73,74.81,10.58,18.88,16.18,0.07,5.9
2.69,76.56,10.4,16.34,16.07,0.05,5.69
3.3,74.75,11.37,24.61,18.19,0.0,4.08
3.02,72.5,13.24,21.94,20.56,0.0,6.47
2.73,77.06,12.62,18.84,18.92,0.02,7.45
3.16,71.44,11.15,24.92,16.6,0.01,5.66
2.36,71.44,10.07,20.96,16.39,0.0,3.43
2.82,72.12,12.41,19.05,17.2,0.01,5.88
3.26,71.0,13.14,21.75,19.12,0.01,7.24
2.26,78.12,12.29,11.26,18.03,0.13,7.15
2.31,79.44,13.05,14.78,18.55,0.55,7.07
1.86,74.19,14.34,25.14,21.12,0.04,7.28
1.54,77.56,14.66,19.9,20.05,0.34,9.07
2.65,79.31,15.1,23.37,20.62,0.13,9.14
1.24,71.75,17.24,25.39,24.03,0.01,8.26
2.66,69.75,18.76,22.83,25.63,0.0,13.39
3.21,70.12,17.51,27.6,24.05,0.0,10.21
2.02,70.19,15.24,20.26,21.08,0.0,9.51
1.72,69.44,14.23,28.35,20.71,0.0,6.75
0.98,67.31,15.9,25.33,22.44,0.0,8.33
2.59,65.62,19.38,23.9,26.23,2.77,11.82
2.36,75.5,18.73,20.9,23.15,1.84,14.58
1.79,68.12,20.79,26.04,27.01,0.03,13.37
2.12,72.25,21.08,25.66,26.79,1.19,13.98
2.0,79.81,19.7,21.45,23.58,3.37,15.9
3.16,81.88,17.47,15.22,23.5,4.34,11.83
1.27,71.44,17.12,26.29,23.3,0.02,10.15
1.99,75.0,16.79,15.42,21.23,1.57,11.87
2.85,85.0,16.42,8.63,19.95,5.61,12.8
3.16,73.94,13.62,20.82,17.98,1.21,9.55
2.95,70.62,14.84,24.59,20.59,0.51,7.47
2.81,76.06,16.58,18.53,22.01,0.13,11.54
2.74,76.31,15.56,14.96,20.97,0.37,9.57
2.58,68.56,14.2,24.77,20.2,0.01,8.06
3.17,67.81,11.81,24.48,16.46,0.04,6.03
1.86,67.69,12.8,24.77,18.44,0.02,7.06
1.91,63.5,14.06,24.18,19.94,0.05,7.52
2.03,64.62,15.12,28.71,21.44,0.0,8.33
2.93,60.75,16.46,26.19,22.89,0.0,8.73
1.95,78.62,18.01,12.29,24.4,7.41,12.37
1.93,85.06,19.62,22.44,25.96,11.23,13.45
2.31,86.44,17.96,14.58,22.29,3.0,12.73
2.51,71.44,16.59,22.49,21.29,0.14,10.87
2.96,76.38,17.59,19.97,21.89,1.55,13.19
3.33,77.88,16.32,15.7,21.51,10.49,12.01
2.49,70.12,16.52,22.69,21.23,0.08,10.07
2.41,72.0,19.19,24.71,24.53,0.01,13.24
1.66,74.25,19.89,27.45,25.41,0.23,13.69
2.12,65.75,17.43,28.7,23.69,0.0,11.08
1.89,68.38,16.62,30.32,22.43,0.01,8.74
2.25,63.38,17.86,28.45,24.13,0.0,9.73
1.86,59.56,20.91,28.1,28.19,0.0,13.15
1.77,62.69,21.04,28.74,27.65,0.0,13.35
1.48,53.25,24.11,27.97,30.55,0.0,14.75
1.78,57.31,26.12,27.66,34.17,0.15,17.94
3.73,78.12,20.29,24.2,26.59,5.73,14.22
3.19,77.62,17.82,16.2,22.94,17.83,13.19
2.57,70.56,19.25,24.39,25.4,1.58,12.26
1.91,76.69,19.48,16.27,24.8,1.7,13.87
2.01,73.44,21.51,22.58,26.53,0.94,16.13
3.24,76.06,19.71,19.84,22.94,7.58,16.63
2.21,83.88,16.86,10.02,20.39,4.65,13.87
1.57,75.31,16.27,15.44,20.94,0.3,12.12
2.18,69.38,17.51,21.95,22.65,0.73,12.8
1.49,63.19,19.02,30.73,25.36,0.0,10.73
2.21,64.31,19.51,28.7,25.58,0.11,11.96
1.84,82.56,14.61,6.44,17.28,9.94,10.9
1.96,68.44,16.22,23.62,21.81,0.23,8.76
1.7,58.5,19.15,30.44,25.02,0.0,11.67
2.11,69.06,18.05,27.98,24.16,0.0,10.65
1.6,65.69,18.37,29.88,24.95,0.0,11.41
2.26,66.12,18.23,29.8,25.16,0.01,9.59
1.94,68.25,18.64,27.54,24.77,0.0,10.9
3.06,72.0,18.46,16.77,23.24,0.05,12.44
2.08,67.75,18.44,29.94,25.64,0.0,9.63
2.43,64.81,20.91,28.01,28.11,0.0,14.64
3.23,63.75,19.26,29.44,25.61,0.0,12.05
2.59,62.31,21.95,29.64,28.6,0.0,14.08
1.52,53.5,23.1,28.71,30.48,0.0,14.62
1.85,53.81,25.31,24.27,33.83,0.0,16.93
2.9,61.38,23.4,26.32,29.99,0.0,16.35
2.7,55.19,19.84,28.97,25.9,0.0,13.42
2.23,56.38,20.91,28.56,27.9,0.0,12.69
2.41,48.88,22.52,26.52,30.26,0.0,14.0
1.68,40.94,26.52,26.99,35.35,0.0,17.05
3.34,44.25,28.47,27.27,38.21,0.05,19.07
2.23,73.88,21.33,9.96,24.2,8.49,17.24
1.95,71.5,21.74,19.38,27.72,0.33,14.8
1.48,75.06,20.93,12.61,26.51,3.29,15.57
1.48,70.38,22.26,19.06,27.61,0.58,17.07
2.03,59.62,24.87,27.46,31.88,0.0,16.49
3.38,60.31,22.51,20.71,27.52,0.0,17.01
2.43,66.88,19.56,15.15,23.87,0.15,14.77
2.57,60.0,19.1,22.44,24.47,0.01,13.56
1.61,53.62,19.54,19.35,25.55,0.0,13.02
1.49,58.88,21.31,22.14,28.28,0.34,15.05
1.76,58.75,22.8,21.62,29.7,0.0,16.01
2.3,67.12,22.77,26.27,29.36,0.0,16.14
1.59,68.5,22.33,16.86,28.15,0.05,16.2
0.95,58.25,24.44,24.77,31.08,0.0,16.91
1.27,47.25,27.11,26.06,34.29,0.0,18.75
2.29,66.44,23.69,18.39,29.96,5.08,18.17
3.12,62.75,20.48,21.74,26.44,1.13,14.44
3.63,51.88,18.14,27.28,24.33,0.0,11.08
3.74,52.0,19.51,26.71,26.36,0.0,11.69
3.88,53.12,20.6,25.66,27.75,0.0,12.69
3.78,55.19,22.08,25.54,29.88,0.0,13.53
3.16,51.19,23.83,25.27,32.02,0.0,15.13
2.84,42.12,24.27,25.33,32.19,0.0,15.92
2.48,39.75,25.01,25.13,33.51,0.0,16.14
2.41,38.0,24.79,25.7,32.72,0.0,16.6
1.92,63.56,21.72,12.19,28.07,3.07,17.02
2.07,72.25,21.15,12.89,26.41,1.8,16.41
1.35,72.75,21.12,13.96,25.15,8.74,16.57
1.17,72.31,20.78,15.4,24.55,2.17,16.58
1.57,65.06,22.06,17.68,28.36,0.15,15.95
2.46,78.69,20.59,12.25,26.65,1.76,15.01
1.6,61.94,19.69,23.8,25.95,0.07,12.17
1.19,56.25,20.51,16.66,26.4,0.01,12.96
1.33,64.75,21.31,14.01,26.96,0.03,14.58
1.27,67.12,23.8,17.16,28.91,0.36,17.3
1.15,54.94,25.75,21.81,32.29,0.0,18.83
2.59,56.19,24.37,19.53,32.15,0.12,18.53
2.62,65.94,21.87,14.26,27.49,0.1,17.06
2.6,62.44,19.57,18.85,25.73,0.0,13.8
2.9,62.75,19.96,17.46,26.78,0.0,12.88
3.32,53.06,21.56,19.94,29.2,0.0,14.9
1.91,62.56,20.19,10.0,27.01,0.52,14.68
2.36,63.75,20.81,19.19,27.44,0.0,14.05
2.46,58.44,22.21,17.3,28.71,0.04,16.4
1.69,66.69,20.47,11.98,25.99,3.75,16.46
1.9,71.69,20.23,13.65,25.37,0.95,16.0
1.95,58.25,21.49,18.05,28.8,0.1,13.8
1.84,60.0,23.33,17.28,30.57,2.83,16.24
1.79,74.06,20.47,17.93,27.7,9.96,14.94
2.68,80.94,18.27,11.82,23.26,5.1,14.51
3.86,76.94,17.73,13.35,22.47,3.5,13.6
4.43,79.06,16.8,11.65,21.16,4.87,13.27
3.01,84.06,16.63,8.68,20.96,4.41,12.62
0.99,74.5,17.76,15.31,24.2,0.17,12.09
1.97,65.12,19.72,18.11,27.36,0.14,12.09
1.51,69.19,21.59,8.73,27.44,1.36,17.05
2.0,82.5,21.31,12.56,26.62,3.07,17.54
2.52,73.06,17.92,12.71,23.14,0.31,12.87
2.52,71.12,14.02,10.08,18.29,0.26,9.84
3.1,66.38,11.9,15.49,18.13,0.01,7.12
2.78,70.62,12.61,16.48,20.13,0.0,5.89
2.05,70.06,12.9,14.31,19.46,0.01,6.92
1.62,74.75,12.76,11.47,18.7,0.01,6.93
1.83,69.81,12.94,16.61,20.01,0.03,7.37
1.14,58.19,13.9,16.88,21.17,0.0,5.72
1.14,59.62,15.09,10.28,20.13,0.1,10.17
1.22,80.69,14.57,7.78,17.74,3.34,11.87
2.93,74.94,13.42,11.29,18.88,0.3,8.97
4.22,79.38,12.24,6.95,16.46,7.82,9.02
3.66,81.38,12.24,8.74,16.54,2.93,8.65
1.87,77.25,11.56,9.6,16.46,0.65,7.6
0.9,75.5,10.79,8.05,15.42,1.45,6.92
2.65,70.25,12.13,13.92,18.57,3.43,5.76
4.8,77.5,16.19,9.1,20.69,5.21,11.44
2.77,91.0,14.79,7.56,19.12,8.58,8.94
1.46,80.06,11.65,8.98,18.14,0.12,7.37
2.08,77.81,12.27,13.23,20.19,0.07,6.08
4.24,76.62,15.31,13.13,22.23,0.42,8.75
1.4,70.88,13.73,14.82,19.29,0.04,8.01
1.52,67.75,11.98,13.23,19.48,0.01,5.34
1.96,75.19,11.9,13.35,18.54,0.13,6.93
2.24,75.56,11.15,14.54,19.65,0.0,4.15
2.78,84.88,13.47,7.17,20.73,0.15,7.66
2.38,71.94,11.05,11.26,17.97,0.0,6.8
1.41,79.56,12.58,11.35,19.64,0.03,6.68
3.26,85.81,13.73,5.45,17.21,3.36,10.67
2.51,92.94,14.95,3.61,17.73,4.74,12.84
3.69,81.38,16.27,6.61,20.72,2.51,13.2
2.52,84.88,16.67,7.67,21.97,2.52,12.59
2.62,92.69,16.83,3.4,18.73,7.72,15.2
1.75,89.19,16.75,6.53,21.56,1.95,13.69
3.99,84.81,16.99,10.36,23.03,0.23,13.14
3.44,86.69,17.34,9.7,22.31,9.94,14.5
3.77,85.44,16.44,8.79,21.15,5.2,13.14
2.91,83.44,15.65,10.57,21.31,0.07,10.94
5.02,72.88,17.94,5.77,23.36,0.44,14.48
5.35,78.44,15.62,7.34,19.06,0.82,12.35
3.15,82.81,14.94,8.04,19.64,1.26,11.2
3.47,84.62,16.19,10.34,22.0,0.03,12.13
3.84,80.25,17.59,6.91,24.15,0.12,13.12
3.02,82.31,17.76,7.08,22.9,0.01,14.91
3.12,77.12,17.58,6.83,22.41,0.0,14.87
1.53,91.38,14.87,6.95,19.24,0.6,12.55
3.18,86.75,16.12,7.81,21.23,3.92,12.41
5.55,75.25,13.67,9.08,17.59,0.19,9.37
3.72,81.81,11.7,8.15,15.7,0.13,8.18
4.41,89.25,10.84,2.18,15.14,4.79,7.78
3.29,87.38,8.9,5.11,13.01,2.26,3.9
2.98,85.31,8.02,5.18,12.66,0.08,3.87
4.3,87.88,7.65,1.93,10.14,6.05,5.08
4.81,88.88,11.9,4.75,16.95,0.25,9.03
4.92,87.5,12.19,5.05,15.96,0.33,8.78
3.55,89.62,11.13,5.87,15.37,0.36,6.86
2.48,92.19,8.69,4.94,14.11,0.07,6.62
2.39,93.5,8.12,5.3,12.47,0.09,6.06
2.01,93.44,9.76,7.12,16.15,0.15,7.15
1.79,87.12,8.22,6.17,15.48,0.05,3.08
2.31,93.75,8.4,5.48,15.16,0.11,2.86
4.11,95.5,9.21,2.17,12.71,5.39,6.8
5.61,91.62,10.26,3.74,13.31,7.35,7.21
5.67,85.19,10.98,4.52,13.75,3.15,8.14
3.3,92.31,8.44,4.21,11.9,1.06,5.18
1.94,91.38,7.23,4.49,11.51,0.77,4.83
3.65,92.06,5.8,3.02,9.74,2.11,2.4
4.22,92.81,5.68,2.0,7.22,3.31,2.99
5.59,86.69,7.22,4.38,10.55,3.8,3.0
4.79,91.56,7.51,3.45,12.41,7.43,3.87
4.66,91.75,8.98,5.77,12.08,1.2,7.19
2.65,94.88,7.21,5.03,11.94,0.9,3.01
2.94,92.38,5.62,2.88,9.08,0.04,2.49
3.8,83.06,5.82,2.47,8.37,7.67,3.3
2.15,95.5,7.2,3.78,9.83,2.34,5.71
0.55,93.69,6.71,3.08,8.58,0.19,5.33
2.18,94.06,4.95,2.45,6.59,0.11,3.57
3.13,90.25,4.48,2.36,7.9,0.15,2.8
3.12,91.31,3.13,1.63,5.76,0.93,1.37
3.3,91.56,1.07,1.81,5.18,0.17,-1.04
2.69,89.88,1.15,1.66,3.3,1.52,-0.78
1.08,91.69,1.0,1.48,3.37,1.87,-1.07
1.04,96.94,1.44,1.7,4.52,0.15,-1.61
1.1,95.75,3.07,2.98,5.48,0.29,1.3
1.01,94.19,1.61,2.13,3.63,0.39,-0.35
1.46,94.88,-0.22,3.71,2.9,0.18,-1.71
1.23,91.5,-1.1,3.48,3.88,0.06,-3.77
2.42,92.25,-2.72,2.55,0.94,0.05,-4.53
2.91,83.06,-2.52,3.25,0.92,0.42,-4.27
3.2,79.31,-2.83,4.93,0.5,0.0,-4.42
1.93,85.69,-1.46,2.83,1.06,1.34,-3.38
3.17,89.56,-3.04,4.19,1.37,0.03,-5.92
2.12,95.94,-2.3,4.24,2.36,0.09,-4.52
1.7,93.56,-5.17,3.53,-0.46,0.07,-7.48
3.88,91.12,-2.97,2.67,4.23,6.3,-8.17
4.61,99.06,5.04,2.3,7.48,1.84,3.24
3.98,98.62,7.51,1.5,9.97,9.11,5.15
3.73,97.12,8.47,2.58,10.74,6.31,5.44
5.17,94.62,10.73,1.73,11.73,9.25,9.99
4.7,94.31,11.62,1.73,14.56,5.13,9.65
3.07,96.44,9.16,2.22,11.31,0.61,7.98
3.62,93.81,9.74,2.49,12.7,2.38,7.61
3.87,90.19,7.48,2.29,11.33,1.21,2.95
3.51,91.06,5.01,4.54,8.94,0.13,2.75
6.87,92.06,9.36,2.51,10.98,3.39,7.03
5.29,87.75,8.47,3.6,11.33,1.78,4.75
6.68,93.81,9.87,1.42,14.07,4.51,4.73
7.13,82.19,12.98,3.08,15.65,0.58,10.84
4.48,88.62,10.98,1.0,12.68,4.52,9.95
3.14,91.75,8.74,2.58,11.68,5.81,4.61
4.24,95.0,6.4,2.77,7.61,1.36,5.26
6.18,93.25,10.73,1.28,12.95,2.07,8.12
3.7,93.19,11.13,2.29,13.73,0.87,9.3
4.21,92.5,9.69,2.87,12.33,0.22,7.8
5.33,87.94,7.5,3.49,10.27,1.09,4.63
5.05,92.06,7.94,3.9,10.43,4.04,5.37
5.52,91.75,5.84,2.88,8.15,2.4,2.93
5.18,95.75,6.63,1.58,10.93,3.45,3.05
5.34,87.31,9.29,4.66,11.21,3.66,7.12
6.92,91.19,9.4,2.17,11.14,1.99,7.25
5.09,87.19,7.88,4.57,10.78,1.12,5.43
6.72,92.88,9.14,1.2,12.04,12.42,5.39
6.1,86.25,6.13,5.13,8.49,2.09,4.36
6.1,91.44,4.11,2.26,6.12,9.07,0.39
2.62,92.31,1.21,1.83,4.87,0.97,-1.38
2.17,92.56,0.11,6.45,4.67,0.23,-4.13
1.73,95.69,0.56,2.16,3.49,0.65,-1.6
2.97,91.81,1.83,3.24,5.93,0.52,-2.2
4.08,88.25,-0.1,4.79,4.01,0.12,-2.99
3.07,86.75,-1.09,2.73,2.53,0.06,-3.09
3.33,91.88,-0.56,2.18,3.49,0.06,-2.45
2.87,92.44,0.08,2.1,4.17,0.07,-2.48
1.52,92.75,-0.2,1.87,2.44,0.16,-1.93
2.41,94.5,1.29,2.45,3.87,0.62,-1.22
4.23,89.38,2.98,2.17,5.76,0.14,1.01
2.87,88.5,0.35,3.57,4.37,0.05,-3.35
1.68,86.88,0.9,6.21,5.1,0.08,-2.96
3.16,93.69,3.28,2.93,8.86,0.47,-0.27
3.32,93.56,3.59,4.88,7.43,0.19,-1.38
4.13,87.06,6.06,4.43,9.59,0.06,3.97
3.76,87.19,6.43,3.13,11.19,0.1,3.56
3.55,94.81,6.89,3.54,10.02,0.31,4.54
1.93,90.44,7.43,3.39,11.66,0.32,4.99
3.59,85.44,5.15,5.94,9.46,0.23,1.9
3.39,86.31,2.57,9.1,7.64,0.1,-1.03
2.82,83.81,0.54,9.58,6.3,0.04,-3.76
1.92,78.0,-0.97,9.97,6.37,0.0,-4.49
0.93,70.31,1.01,8.96,6.67,0.01,-4.3
1.69,88.81,3.19,6.21,9.04,0.1,0.08
1.02,93.75,3.49,8.86,8.72,0.07,-0.14
2.07,89.44,4.5,5.32,9.94,0.06,0.63
1.98,86.75,4.37,10.13,11.49,0.06,0.76
1.47,87.19,4.41,10.53,12.9,0.0,-0.93
2.02,88.75,4.74,8.22,11.9,0.03,0.12
3.74,88.12,7.47,7.2,12.7,0.24,2.47
4.12,90.12,11.39,3.29,16.63,0.23,8.49
4.51,86.38,9.84,4.71,12.65,0.29,8.4
2.86,83.44,9.19,6.19,13.72,0.13,4.3
1.78,86.94,6.65,11.69,12.37,0.03,2.99
1.5,85.56,7.2,10.94,14.28,0.07,2.59
1.95,94.94,7.86,2.23,11.29,0.82,5.92
2.25,92.19,7.3,5.85,10.81,0.48,5.71
2.76,84.5,6.3,5.55,11.34,0.07,3.47
4.01,77.75,4.29,8.05,8.55,0.08,-0.41
5.46,70.06,0.34,11.78,4.77,0.0,-3.27
4.91,71.56,0.4,13.9,6.61,0.0,-4.11
3.56,76.06,-0.0,11.37,5.24,0.0,-3.38
3.22,79.0,0.57,13.03,7.38,0.0,-3.84
2.49,83.19,2.25,12.37,9.92,0.0,-3.52
2.99,81.88,2.23,13.06,9.37,0.05,-1.49
2.7,83.56,3.14,7.12,8.78,0.08,-1.4
1.31,80.19,4.37,4.44,8.83,0.34,1.03
2.41,79.44,4.45,5.83,8.48,0.17,-0.24
3.95,82.38,4.51,8.82,8.24,3.91,0.62
6.16,86.31,9.96,5.38,15.86,11.2,3.79
6.61,85.5,11.25,7.56,14.23,8.44,8.57
6.55,81.56,6.7,5.5,10.36,5.43,1.74
1.84,74.25,4.94,10.58,9.55,0.73,-0.9
4.92,82.25,11.05,9.65,15.2,2.08,7.47
7.16,80.5,13.02,4.71,17.46,0.94,9.64
5.23,76.88,7.58,10.63,10.8,2.98,1.96
1.84,78.06,6.13,13.47,11.46,0.07,1.68
4.01,68.56,8.86,13.31,15.8,0.0,2.29
3.43,84.12,10.76,9.44,14.1,0.63,7.92
3.88,84.38,10.8,13.57,16.15,2.64,7.41
2.41,84.62,8.74,7.29,12.62,2.51,4.56
2.41,80.5,8.2,13.18,14.98,0.15,1.26
3.47,82.19,10.64,10.07,15.85,0.33,6.76
5.4,85.44,10.05,8.12,13.31,1.33,6.15
5.96,82.44,12.6,10.04,15.53,4.76,9.68
6.45,75.94,11.73,15.12,15.82,2.12,7.49
5.71,76.88,10.25,12.49,13.76,0.65,7.67
5.16,82.44,8.6,10.69,11.01,6.18,3.86
2.62,71.81,5.11,13.47,10.8,0.08,0.69
3.12,66.75,6.55,10.4,12.19,0.2,0.13
3.46,80.62,12.44,12.7,16.95,0.19,7.9
5.42,79.0,12.94,13.9,16.7,4.89,10.37
8.27,75.44,11.91,11.38,14.3,2.74,9.64
5.87,81.69,10.37,12.8,13.58,4.62,7.26
4.43,81.81,8.13,3.79,11.82,0.6,4.77
3.59,70.12,6.84,18.8,12.68,0.03,1.73
2.55,67.5,4.7,22.35,11.94,0.0,-2.06
0.88,63.06,7.9,21.88,14.76,0.0,-0.09
2.69,81.25,8.69,8.85,14.33,1.28,4.53
2.52,79.0,8.49,15.35,13.7,0.2,3.99
2.05,79.12,8.25,19.94,15.28,0.03,3.25
1.88,75.69,10.68,20.47,17.75,0.02,3.23
3.98,79.5,11.69,9.11,17.3,6.08,7.04
4.32,81.31,9.78,12.82,13.77,8.73,7.5
6.09,69.94,9.91,16.31,12.72,8.02,7.42
3.98,73.56,8.67,18.73,12.05,1.31,5.8
3.4,86.62,7.05,8.53,9.26,2.83,4.06
3.02,84.25,8.75,9.67,13.6,7.68,3.73
2.95,74.88,8.9,16.69,15.85,0.04,3.55
3.12,82.0,9.37,11.73,14.82,0.11,4.2
3.88,75.88,10.76,16.91,16.05,0.19,5.4
3.84,75.25,12.23,21.58,18.21,0.09,6.54
3.34,75.0,7.49,16.56,12.55,0.27,3.0
1.36,74.19,8.51,16.97,14.76,0.39,2.77
2.63,86.0,10.57,10.25,15.21,5.84,5.55
3.99,87.81,9.83,9.12,14.14,5.42,6.82
3.09,80.88,10.29,12.33,13.98,3.6,6.9
2.29,78.06,8.26,11.97,13.05,0.62,4.84
1.75,70.5,9.48,15.63,15.19,0.19,2.64
2.33,75.69,12.69,18.02,17.8,3.52,6.52
3.33,84.44,15.73,14.49,21.23,5.25,9.69
2.15,78.81,12.04,10.85,17.44,0.04,7.26
1.65,73.94,12.69,16.94,17.37,0.02,6.72
2.28,80.25,12.12,16.05,16.03,3.07,7.29
1.92,77.31,12.4,21.08,18.44,0.11,6.26
3.26,70.25,12.94,26.61,20.05,0.0,4.8
3.27,76.94,15.28,20.12,22.61,0.54,7.96
2.41,82.25,14.26,16.1,19.45,3.88,9.02
1.53,83.75,15.33,17.93,20.48,4.07,9.84
1.57,88.25,15.0,11.68,18.97,15.06,10.57
1.51,83.25,14.77,14.86,20.2,0.22,9.0
2.8,89.88,13.7,8.38,17.06,15.0,12.09
3.17,85.38,12.83,12.62,16.09,7.1,9.9
1.66,81.38,12.18,14.7,15.84,1.15,7.32
3.04,85.69,12.33,11.43,15.46,1.46,9.02
3.33,79.19,14.65,20.46,20.66,1.35,9.03
2.55,80.38,13.24,13.28,19.47,0.52,7.73
2.56,83.56,11.69,13.46,17.84,1.91,6.89
3.89,70.44,11.03,24.77,16.55,0.0,5.22
3.27,73.44,11.83,22.57,17.33,0.02,4.98
3.0,69.94,11.79,23.18,17.88,0.0,6.25
3.38,69.94,13.24,25.5,19.69,0.0,5.91
3.84,73.25,15.15,19.68,20.36,0.02,8.12
3.61,77.44,16.55,22.16,22.13,0.03,11.37
2.95,78.0,16.17,19.67,22.36,0.03,10.32
4.0,71.94,14.22,10.69,20.0,0.05,8.47
3.68,66.5,13.45,27.85,19.37,0.0,6.15
3.91,68.94,15.05,28.69,21.22,0.02,8.85
3.55,71.06,15.68,28.55,22.3,0.03,8.84
2.88,71.31,16.81,27.01,23.85,0.0,8.87
3.45,68.25,18.31,27.5,25.04,0.04,11.03
4.93,69.75,17.22,28.8,23.61,0.01,10.82
4.66,62.44,16.06,26.84,22.19,0.0,9.3
4.01,67.12,18.3,29.06,25.13,0.02,10.72
3.85,70.69,18.64,29.16,25.81,0.05,11.73
3.94,68.0,14.62,26.92,20.74,0.02,8.53
3.51,66.88,17.15,28.73,23.6,0.03,9.46
3.79,59.0,18.03,28.79,24.61,0.0,10.35
3.64,64.81,18.23,28.09,25.19,0.03,10.59
3.31,66.44,18.65,27.01,26.15,0.02,10.5
3.21,67.88,19.85,25.97,26.83,0.05,12.28
2.72,69.31,20.68,27.62,26.61,0.06,13.33
2.94,62.88,22.41,24.51,29.13,0.19,14.67
1.46,66.88,23.19,21.43,28.26,1.28,16.97
1.18,70.38,22.53,18.2,27.55,4.79,17.76
1.92,70.25,21.9,22.71,28.44,1.86,15.9
2.32,58.31,22.01,28.94,28.22,0.03,15.88
1.92,54.06,21.09,29.61,28.08,0.0,12.69
1.72,57.62,21.05,26.91,27.48,0.0,13.31
1.27,53.19,22.18,25.21,28.46,0.0,14.0
1.74,59.38,22.99,18.86,28.23,0.82,17.3
2.82,79.31,21.69,17.67,25.83,13.72,16.19
1.49,79.19,20.0,15.38,25.31,7.32,14.58
2.29,83.44,20.98,16.01,25.99,1.48,16.69
1.25,71.38,22.1,21.82,27.65,0.38,16.5
2.98,84.12,18.86,10.15,22.33,10.32,14.65
1.38,68.88,20.93,26.77,26.94,0.11,12.69
1.04,65.94,22.01,29.29,28.3,0.0,14.27
2.55,61.81,24.02,30.2,30.9,0.0,15.69
2.89,63.25,19.3,24.62,24.06,0.0,15.06
1.56,65.0,19.2,23.59,24.87,0.0,12.58
0.77,63.25,20.92,22.75,26.82,0.0,14.22
1.87,72.12,20.69,12.1,26.11,1.17,16.01
2.71,61.0,19.06,22.14,24.26,0.15,12.86
4.1,70.94,19.23,17.13,23.97,3.22,14.55
3.45,61.94,18.88,22.19,24.46,0.02,12.42
3.02,63.62,18.84,21.02,24.65,0.49,13.26
2.88,71.38,18.68,19.36,22.69,5.0,13.82
4.01,69.88,16.72,20.69,21.6,3.79,11.65
0.98,57.38,19.44,27.36,25.77,0.0,12.12
2.23,55.31,23.14,23.15,30.51,0.04,13.84
1.94,64.06,25.26,26.61,31.28,0.39,18.15
1.75,82.75,21.57,16.11,24.74,6.51,18.1
1.68,62.81,22.33,25.47,27.17,0.06,16.94
2.61,56.69,23.54,24.89,30.25,0.08,15.99
3.05,62.56,20.05,23.5,25.12,0.46,14.83
2.2,63.81,19.36,19.2,24.48,0.34,13.08
3.25,53.62,22.29,25.47,29.57,0.01,14.2
4.72,60.94,21.42,13.46,26.04,1.06,16.18
4.09,58.56,19.65,23.08,24.9,0.15,14.33
2.56,60.56,19.1,24.39,25.07,0.26,12.48
1.23,56.31,21.69,24.08,28.77,0.0,12.82
3.0,61.0,20.33,21.69,25.73,0.0,14.87
1.48,65.25,19.54,22.38,25.73,0.32,12.37
2.45,60.19,18.9,19.84,25.04,0.82,13.63
3.03,54.19,19.52,22.89,25.29,0.0,12.6
4.26,71.88,19.13,13.01,23.62,3.85,15.52
3.21,74.12,19.53,16.59,24.01,10.9,15.45
2.8,72.94,16.51,13.39,20.6,8.79,11.91
2.49,67.88,17.9,21.23,23.2,0.43,10.55
4.1,78.25,19.97,13.01,24.26,5.59,15.87
3.13,84.56,20.6,10.64,25.8,13.19,17.31
3.18,78.31,20.01,15.93,25.49,6.46,14.92
3.35,68.31,19.3,19.52,24.7,0.5,14.68
5.3,77.94,19.04,12.28,22.87,12.81,15.11
4.34,77.69,18.94,17.72,22.26,6.37,14.98
7.36,76.5,19.57,17.03,23.71,15.4,15.98
3.68,85.81,16.9,10.92,20.28,8.41,13.69
1.83,78.75,17.13,17.08,21.66,1.39,12.37
4.62,79.5,15.9,11.37,20.3,2.23,10.81
4.82,69.5,16.12,17.89,21.02,0.61,12.3
2.31,71.69,16.85,20.18,22.52,0.07,10.4
2.22,71.69,17.8,18.42,23.75,0.01,11.42
1.85,77.5,19.44,14.98,24.27,0.25,14.07
1.51,69.44,21.14,19.13,27.12,0.01,13.68
1.91,76.75,22.25,19.06,27.33,7.68,16.58
2.48,76.19,21.19,16.26,26.06,5.79,15.94
2.05,67.19,19.25,19.14,24.8,0.03,14.57
2.52,68.06,21.26,15.92,28.42,0.64,15.05
1.95,73.81,20.93,16.48,26.14,0.42,16.12
2.16,72.19,20.74,15.46,26.93,0.02,14.61
2.3,75.75,22.06,21.31,28.19,0.26,17.9
2.26,70.94,24.07,15.54,31.69,0.81,16.91
2.27,70.88,23.52,12.73,27.92,0.35,20.05
1.62,67.12,23.71,22.12,30.05,0.03,18.09
1.65,65.88,21.86,23.57,28.75,0.01,15.19
1.47,63.38,23.62,21.54,30.71,0.0,16.09
1.55,64.56,24.41,18.81,31.83,0.01,16.31
2.36,75.44,22.15,8.56,25.54,8.33,19.7
2.48,75.06,20.3,8.91,24.73,0.62,14.08
2.63,68.5,17.5,17.57,22.83,0.74,12.15
2.58,72.75,16.41,17.9,22.21,0.46,11.18
2.11,73.5,16.39,13.86,22.08,0.57,10.94
1.31,70.88,16.6,15.11,21.81,0.1,10.17
2.78,70.94,15.96,12.55,21.09,0.49,11.52
2.56,81.0,15.9,9.48,20.33,5.25,11.05
3.07,81.88,19.16,12.16,24.01,2.96,15.65
1.8,71.19,21.34,19.89,28.84,0.09,15.3
2.73,69.62,22.8,19.27,30.4,0.02,16.21
3.09,61.69,22.06,20.19,30.07,0.01,14.9
2.03,57.25,24.62,19.18,32.96,0.0,15.44
1.67,57.56,24.09,20.59,32.57,0.0,17.6
1.44,57.06,23.51,20.47,32.19,0.01,14.16
1.35,50.19,26.4,19.65,34.05,0.0,18.98
1.9,54.19,25.95,19.67,33.6,0.0,19.15
2.11,50.12,26.43,19.11,33.96,0.0,18.86
2.05,69.19,23.63,13.8,29.78,0.7,18.64
1.2,89.69,19.28,5.8,23.12,11.87,16.64
1.51,78.62,19.22,10.32,24.25,0.43,14.83
0.98,74.62,18.69,15.41,24.1,0.05,13.6
2.09,65.06,20.12,18.44,27.39,0.0,13.2
1.7,72.31,20.52,12.13,27.0,0.05,14.12
1.76,80.44,20.55,12.33,26.2,2.55,15.8
4.1,76.62,19.06,14.87,23.37,6.49,14.18
4.03,72.94,17.33,13.77,23.11,0.03,12.01
4.63,69.31,19.76,15.35,25.23,0.07,15.21
3.7,84.31,16.33,4.66,18.58,22.77,12.2
3.23,83.06,13.12,11.66,16.74,5.39,10.48
2.03,75.94,13.44,13.94,18.8,0.19,8.58
2.5,67.06,14.12,17.35,21.31,0.0,7.37
1.7,69.88,16.14,15.67,23.55,0.01,9.13
1.88,70.62,16.47,13.93,22.71,0.0,12.17
2.43,72.75,18.07,13.38,25.7,0.05,12.35
2.24,81.94,17.8,12.87,22.5,0.05,12.42
3.43,78.25,17.58,9.58,22.69,0.24,11.76
1.22,79.19,15.23,12.95,21.87,0.05,9.67
2.07,71.62,18.1,15.25,26.01,0.01,11.25
2.36,67.12,19.42,14.65,27.79,0.03,11.75
3.71,76.56,16.75,8.92,20.15,2.61,10.26
1.69,77.94,13.51,12.06,19.46,0.09,9.49
1.14,72.88,13.65,11.11,20.18,0.03,8.25
1.53,66.5,13.94,14.32,21.68,0.03,7.33
1.76,70.5,15.9,13.59,24.11,0.01,9.1
1.41,66.56,17.96,13.48,25.89,0.03,12.55
1.06,67.06,18.01,12.94,25.26,0.06,12.82
1.74,65.06,18.14,12.58,26.65,0.0,11.98
2.76,69.44,17.69,12.54,25.08,0.0,11.07
2.91,85.31,18.08,7.18,23.1,2.01,14.17
5.7,74.94,18.87,8.88,24.49,0.74,13.76
2.97,73.31,12.59,7.63,16.8,0.58,7.26
2.31,70.31,9.23,11.78,14.46,0.04,5.35
3.72,69.06,7.96,10.51,12.98,0.0,4.58
3.37,75.75,10.24,10.25,17.74,0.03,4.24
5.02,89.31,14.62,4.2,18.66,5.2,10.04
3.76,85.5,16.62,9.57,22.08,6.13,12.77
2.48,88.62,14.8,7.25,18.96,7.92,12.52
6.88,83.38,12.73,7.35,16.19,6.57,10.11
3.34,83.19,12.02,8.27,16.68,0.98,8.02
2.91,93.69,9.77,2.52,12.04,7.32,7.4
3.05,82.5,11.94,9.15,16.42,2.95,9.29
3.99,88.5,12.52,4.41,15.81,8.94,9.26
2.82,94.44,11.83,5.12,13.78,16.18,9.18
3.88,91.62,11.34,6.4,15.53,3.81,8.88
6.12,90.0,12.48,4.44,14.83,9.93,9.7
5.5,83.94,12.77,5.13,16.55,1.57,9.61
2.77,96.62,10.33,2.22,13.53,7.74,7.31
3.66,88.5,11.44,5.16,15.4,1.2,7.23
5.24,89.44,11.08,3.96,13.88,3.81,9.5
9.21,75.31,10.84,7.44,12.95,3.05,6.63
4.3,89.38,7.51,5.17,11.33,0.24,4.94
6.75,87.12,10.54,4.63,14.65,10.32,7.58
6.23,84.06,11.19,4.96,14.37,3.34,8.09
4.29,87.5,9.87,6.72,13.54,1.79,7.32
4.23,87.81,8.51,7.55,12.41,0.71,6.42
5.31,87.94,8.72,5.67,11.67,9.85,6.37
4.96,88.88,9.08,5.17,11.95,3.1,6.64
5.55,90.62,8.06,4.81,10.72,2.94,6.19
2.56,89.94,7.46,5.72,12.11,0.63,5.58
3.36,95.31,9.05,2.9,12.94,8.37,5.55
5.54,93.06,13.39,1.9,17.26,6.58,10.06
5.04,91.31,11.06,1.78,14.4,2.67,8.57
3.55,89.0,10.09,5.4,13.72,0.52,7.82
3.54,95.81,8.19,2.11,11.07,14.25,6.31
2.6,90.56,7.87,5.44,12.39,1.41,5.0
4.62,94.38,9.43,1.39,13.0,16.13,6.7
4.77,87.31,12.12,6.26,15.31,0.31,9.33
4.48,90.62,9.66,4.35,12.19,1.78,8.12
2.63,95.06,9.3,3.36,12.07,1.33,6.77
2.49,82.94,6.12,6.21,9.24,0.05,3.46
2.55,95.88,8.9,3.48,12.42,0.33,4.35
3.82,82.62,6.93,3.12,10.25,0.18,2.08
2.83,87.81,2.96,5.83,8.12,0.03,-0.82
2.05,92.31,1.92,4.41,5.5,0.04,-1.13
4.38,94.31,4.65,1.11,7.83,10.53,2.24
2.38,86.38,3.17,3.54,5.83,0.32,0.27
1.91,97.19,2.72,4.18,6.65,0.51,0.94
1.94,90.88,1.84,4.96,4.95,0.7,-0.45
2.68,91.88,0.15,2.44,4.12,0.07,-2.18
1.8,92.5,-1.49,4.74,3.1,0.03,-4.67
4.08,82.44,-0.83,2.63,2.46,0.26,-3.52
5.44,90.88,3.59,2.42,7.01,12.33,-0.35
4.48,95.06,5.76,1.79,7.3,5.96,4.34
1.31,93.0,3.6,3.77,7.87,0.08,1.36
4.08,90.88,3.05,2.1,4.87,6.9,1.53
2.7,97.88,6.32,2.56,8.76,0.91,3.92
6.35,94.06,8.69,1.31,14.08,16.83,5.61
5.8,93.88,9.68,2.57,12.2,2.59,7.18
3.77,93.62,10.19,3.33,12.6,0.55,8.12
3.88,93.5,9.94,2.45,13.13,1.74,7.54
3.49,94.81,7.58,2.56,9.96,1.93,6.49
2.91,92.25,6.59,2.02,7.97,0.87,4.83
1.2,92.94,6.96,2.5,10.39,0.69,5.23
1.13,96.31,3.79,4.1,7.98,0.03,0.69
1.81,94.88,0.87,4.34,6.25,0.04,-2.03
2.61,93.06,0.26,1.7,3.96,0.18,-1.24
4.5,93.88,3.98,1.61,7.64,3.9,0.04
3.89,94.81,6.38,3.64,9.73,0.93,2.93
6.23,92.19,9.9,1.49,11.62,1.25,8.53
5.78,89.69,9.19,2.28,11.77,0.77,6.52
5.24,92.88,8.78,1.93,11.62,0.35,6.34
6.41,90.31,10.16,2.07,11.73,0.54,8.58
5.32,92.94,10.19,1.86,11.74,0.4,7.83
3.3,92.19,9.48,1.9,11.23,0.82,8.33
4.89,86.38,7.3,3.71,9.3,0.5,5.86
5.3,91.94,8.87,2.27,11.33,0.18,7.32
5.37,93.88,8.98,2.23,10.86,1.09,7.23
4.69,93.69,8.26,2.94,10.86,0.43,6.75
7.25,84.44,8.44,4.45,10.56,1.85,5.64
5.48,89.44,6.86,3.91,9.75,4.36,4.35
9.0,90.38,10.96,1.04,12.37,14.13,8.93
7.84,86.06,10.15,2.75,11.91,6.52,8.7
5.5,92.69,8.09,3.09,9.7,0.63,5.4
3.92,87.5,6.45,5.27,9.22,0.18,2.88
3.14,91.94,3.98,2.51,7.08,0.27,1.98
4.03,88.31,1.37,1.5,3.62,0.16,-3.02
3.91,87.25,-2.88,2.18,-0.45,0.44,-5.01
3.3,82.62,-2.45,2.83,-1.56,0.67,-3.28
2.19,91.0,-1.61,3.68,0.97,0.07,-2.87
3.3,87.62,-2.26,6.07,1.89,0.0,-4.07
2.12,92.75,-1.05,3.16,2.76,0.06,-3.58
1.06,90.19,-1.92,2.09,-0.07,0.1,-3.4
1.34,88.69,-2.99,2.32,-0.45,0.08,-4.69
2.06,87.38,-0.72,5.46,3.76,0.3,-2.78
1.41,86.5,-2.67,6.23,2.62,0.11,-6.28
2.77,96.56,0.62,2.23,5.44,20.56,-2.78
3.27,93.88,-2.7,5.44,1.48,4.32,-6.62
1.01,94.25,-3.31,4.26,2.11,0.05,-6.27
2.26,90.75,-4.02,7.11,1.17,0.05,-6.99
5.7,92.75,0.98,3.24,4.13,0.21,-3.64
6.48,95.0,6.36,3.28,9.75,2.73,4.08
5.16,95.88,7.19,2.78,11.76,0.78,2.96
4.73,91.06,11.05,4.9,13.41,0.67,8.03
2.35,96.75,9.54,3.55,12.08,1.98,7.57
3.52,85.69,7.07,4.8,11.8,1.52,1.3
1.93,88.75,1.55,6.46,7.44,0.03,-1.41
3.0,91.19,2.77,5.98,7.92,0.04,-1.87
3.24,95.81,7.69,6.46,11.79,0.13,4.47
2.5,91.69,8.05,3.21,11.55,0.11,4.55
2.22,89.38,6.3,4.0,11.01,0.01,2.97
